{"entities":{"pages":{"tutorial":{"id":"tutorial","title":"🎇 Course Outline","url":"tutorial.html","level":0,"tabIndex":0},"Introduction-to-ReactTopic":{"id":"Introduction-to-ReactTopic","title":"1. Intro to React","url":"introduction-to-reacttopic.html","level":0,"pages":["Overview-of-React","Benefits-of-using-React","Introduction-to-TypeScript-in-React","React-Concepts","Setting-up-the-Development-Environment","Setting-up-a-React-project-with-Create-React-App-CRA-or-Vite"],"tabIndex":1},"Overview-of-React":{"id":"Overview-of-React","title":"1.1 Overview of React","url":"overview-of-react.html","level":1,"parentId":"Introduction-to-ReactTopic","tabIndex":0},"Benefits-of-using-React":{"id":"Benefits-of-using-React","title":"1.2 Thinking in React","url":"benefits-of-using-react.html","level":1,"parentId":"Introduction-to-ReactTopic","tabIndex":1},"Introduction-to-TypeScript-in-React":{"id":"Introduction-to-TypeScript-in-React","title":"1.3 Introduction to TypeScript in React","url":"introduction-to-typescript-in-react.html","level":1,"parentId":"Introduction-to-ReactTopic","tabIndex":2},"React-Concepts":{"id":"React-Concepts","title":"1.4 React Concepts","url":"react-concepts.html","level":1,"parentId":"Introduction-to-ReactTopic","tabIndex":3},"Setting-up-the-Development-Environment":{"id":"Setting-up-the-Development-Environment","title":"1.5 Setting up the Development Environment","url":"setting-up-the-development-environment.html","level":1,"parentId":"Introduction-to-ReactTopic","pages":["Installing-Node-js-and-npm","PnPm-Cheatsheet"],"tabIndex":4},"Installing-Node-js-and-npm":{"id":"Installing-Node-js-and-npm","title":"1.5.1 Installing Node.js and pnpm","url":"installing-node-js-and-npm.html","level":2,"parentId":"Setting-up-the-Development-Environment","tabIndex":0},"PnPm-Cheatsheet":{"id":"PnPm-Cheatsheet","title":"1.5.2 PnPm Cheatsheet","url":"pnpm-cheatsheet.html","level":2,"parentId":"Setting-up-the-Development-Environment","tabIndex":1},"Setting-up-a-React-project-with-Create-React-App-CRA-or-Vite":{"id":"Setting-up-a-React-project-with-Create-React-App-CRA-or-Vite","title":"1.6 Creating React with Vite","url":"setting-up-a-react-project-with-create-react-app-cra-or-vite.html","level":1,"parentId":"Introduction-to-ReactTopic","pages":["Various-ways-to-create-react-app","Vite-vs-CRA"],"tabIndex":5},"Various-ways-to-create-react-app":{"id":"Various-ways-to-create-react-app","title":"1.6.1 Various ways to create react app","url":"various-ways-to-create-react-app.html","level":2,"parentId":"Setting-up-a-React-project-with-Create-React-App-CRA-or-Vite","tabIndex":0},"Vite-vs-CRA":{"id":"Vite-vs-CRA","title":"1.6.2 Vite vs CRA","url":"vite-vs-cra.html","level":2,"parentId":"Setting-up-a-React-project-with-Create-React-App-CRA-or-Vite","tabIndex":1},"2-Core-Concepts":{"id":"2-Core-Concepts","title":"2. Fundamental Core Concepts","url":"2-core-concepts.html","level":0,"pages":["JSX-Props","Components-in-React","react-data-flow"],"tabIndex":2},"JSX-Props":{"id":"JSX-Props","title":"JSX \u0026 Props","url":"jsx-props.html","level":1,"parentId":"2-Core-Concepts","pages":["Passing-Props-to-Components","Using-Props-for-Reusable-Components","Using-Props-for-Reusable-Components-V2"],"tabIndex":0},"Passing-Props-to-Components":{"id":"Passing-Props-to-Components","title":"Passing Props to Components","url":"passing-props-to-components.html","level":2,"parentId":"JSX-Props","tabIndex":0},"Using-Props-for-Reusable-Components":{"id":"Using-Props-for-Reusable-Components","title":"Using Props for Reusable Components - V1","url":"using-props-for-reusable-components.html","level":2,"parentId":"JSX-Props","tabIndex":1},"Using-Props-for-Reusable-Components-V2":{"id":"Using-Props-for-Reusable-Components-V2","title":"Using Props for Reusable Components - V2","url":"using-props-for-reusable-components-v2.html","level":2,"parentId":"JSX-Props","tabIndex":2},"Components-in-React":{"id":"Components-in-React","title":"Components in React","url":"components-in-react.html","level":1,"parentId":"2-Core-Concepts","pages":["Functional-vs-Class-Components","Rendering-Lists","Pure-and-inpure-Components"],"tabIndex":1},"Functional-vs-Class-Components":{"id":"Functional-vs-Class-Components","title":"Functional vs. Class Components","url":"functional-vs-class-components.html","level":2,"parentId":"Components-in-React","tabIndex":0},"Rendering-Lists":{"id":"Rendering-Lists","title":"Rendering Lists","url":"rendering-lists.html","level":2,"parentId":"Components-in-React","tabIndex":1},"Pure-and-inpure-Components":{"id":"Pure-and-inpure-Components","title":"Pure and inpure Components","url":"pure-and-inpure-components.html","level":2,"parentId":"Components-in-React","tabIndex":2},"react-data-flow":{"id":"react-data-flow","title":"react data flow","url":"react-data-flow.html","level":1,"parentId":"2-Core-Concepts","tabIndex":2},"3-State-ManagementTopic":{"id":"3-State-ManagementTopic","title":"3. Intro to Hooks","url":"3-state-managementtopic.html","level":0,"pages":["useState-Hook","useReducer-Hook"],"tabIndex":3},"useState-Hook":{"id":"useState-Hook","title":"useState Hook","url":"usestate-hook.html","level":1,"parentId":"3-State-ManagementTopic","tabIndex":0},"useReducer-Hook":{"id":"useReducer-Hook","title":"useReducer Hook","url":"usereducer-hook.html","level":1,"parentId":"3-State-ManagementTopic","tabIndex":1},"Handling-Events":{"id":"Handling-Events","title":"4. Handling Events","url":"handling-events.html","level":0,"tabIndex":4},"Conditional-Rendering":{"id":"Conditional-Rendering","title":"5. Conditional Rendering in React","url":"conditional-rendering.html","level":0,"tabIndex":5},"useEffect-Hook":{"id":"useEffect-Hook","title":"6. useEffect Hook","url":"useeffect-hook.html","level":0,"tabIndex":6},"useRef-Hook":{"id":"useRef-Hook","title":"7. useRef Hook","url":"useref-hook.html","level":0,"tabIndex":7},"6-Custom-Hooks":{"id":"6-Custom-Hooks","title":"8. Custom Hooks","url":"6-custom-hooks.html","level":0,"tabIndex":8},"7-Performance-Optimization":{"id":"7-Performance-Optimization","title":"9. Performance Optimization Hooks","url":"7-performance-optimization.html","level":0,"pages":["Avoiding-Prop-Drilling"],"tabIndex":9},"Avoiding-Prop-Drilling":{"id":"Avoiding-Prop-Drilling","title":"Prop Drilling","url":"avoiding-prop-drilling.html","level":1,"parentId":"7-Performance-Optimization","tabIndex":0},"10-useContextHook":{"id":"10-useContextHook","title":"10. useContext API","url":"10-usecontexthook.html","level":0,"tabIndex":10},"10-React-Styling":{"id":"10-React-Styling","title":"11. React Styling","url":"10-react-styling.html","level":0,"pages":["Getting-started-with-Tailwind","Tailwind-CSS-Layouts"],"tabIndex":11},"Getting-started-with-Tailwind":{"id":"Getting-started-with-Tailwind","title":"Getting started with Tailwind","url":"getting-started-with-tailwind.html","level":1,"parentId":"10-React-Styling","tabIndex":0},"Tailwind-CSS-Layouts":{"id":"Tailwind-CSS-Layouts","title":"Tailwind CSS Layouts","url":"tailwind-css-layouts.html","level":1,"parentId":"10-React-Styling","tabIndex":1},"8-Routing-with-React-Router":{"id":"8-Routing-with-React-Router","title":"11. Routing with React Router","url":"8-routing-with-react-router.html","level":0,"tabIndex":12},"10-Form-Management-with-React-Hook-Form-Yup":{"id":"10-Form-Management-with-React-Hook-Form-Yup","title":"12. Form Management with React Hook Form \u0026 Zod","url":"10-form-management-with-react-hook-form-yup.html","level":0,"tabIndex":13},"12-React-Folder-Structure":{"id":"12-React-Folder-Structure","title":"13. React Folder Structure","url":"12-react-folder-structure.html","level":0,"tabIndex":14},"12-Advanced-State-Management-with-Redux-Toolkit":{"id":"12-Advanced-State-Management-with-Redux-Toolkit","title":"14. Advanced State Management with Redux Toolkit","url":"12-advanced-state-management-with-redux-toolkit.html","level":0,"pages":["Setting-Up-Redux-Toolkit","Handling-Asynchronous-Actions","RTK-Query-for-Data-Fetching"],"tabIndex":15},"Setting-Up-Redux-Toolkit":{"id":"Setting-Up-Redux-Toolkit","title":"Setting Up Redux Toolkit in a React Project","url":"setting-up-redux-toolkit.html","level":1,"parentId":"12-Advanced-State-Management-with-Redux-Toolkit","tabIndex":0},"Handling-Asynchronous-Actions":{"id":"Handling-Asynchronous-Actions","title":"Redux Thunk - Handling Asynchronous Actions","url":"handling-asynchronous-actions.html","level":1,"parentId":"12-Advanced-State-Management-with-Redux-Toolkit","pages":["1End2End-React-ReduxThunk-ExpressMongoDb-Posts-CRUD-APP"],"tabIndex":1},"1End2End-React-ReduxThunk-ExpressMongoDb-Posts-CRUD-APP":{"id":"1End2End-React-ReduxThunk-ExpressMongoDb-Posts-CRUD-APP","title":"End2End: React ReduxThunk ExpressMongoDb Posts CRUD APP","url":"1end2end-react-reduxthunk-expressmongodb-posts-crud-app.html","level":2,"parentId":"Handling-Asynchronous-Actions","tabIndex":0},"RTK-Query-for-Data-Fetching":{"id":"RTK-Query-for-Data-Fetching","title":"RTK Query - Data Fetching","url":"rtk-query-for-data-fetching.html","level":1,"parentId":"12-Advanced-State-Management-with-Redux-Toolkit","pages":["RTK-Query-Vs-Redux-Thunk","End2End-React-RTK-Query-ExpressMongoDb-Posts-CRUD-APP"],"tabIndex":2},"RTK-Query-Vs-Redux-Thunk":{"id":"RTK-Query-Vs-Redux-Thunk","title":"RTK Query Vs Redux Thunk","url":"rtk-query-vs-redux-thunk.html","level":2,"parentId":"RTK-Query-for-Data-Fetching","tabIndex":0},"End2End-React-RTK-Query-ExpressMongoDb-Posts-CRUD-APP":{"id":"End2End-React-RTK-Query-ExpressMongoDb-Posts-CRUD-APP","title":"End2End: React RTK Query ExpressMongoDb Posts CRUD APP","url":"end2end-react-rtk-query-expressmongodb-posts-crud-app.html","level":2,"parentId":"RTK-Query-for-Data-Fetching","tabIndex":1},"Advanced-State-Management-with-Zustand":{"id":"Advanced-State-Management-with-Zustand","title":"15. Advanced State Management with Zustand","url":"advanced-state-management-with-zustand.html","level":0,"pages":["15-1-Counter-Example","End2End-React-Zustand-ExpressMongoDb-Posts-CRUD-APP","15-3-End2End-React-Zustand-ReactQuery-ExpressMongoDb-Posts-CRUD-APP"],"tabIndex":16},"15-1-Counter-Example":{"id":"15-1-Counter-Example","title":"15.1 Counter Example","url":"15-1-counter-example.html","level":1,"parentId":"Advanced-State-Management-with-Zustand","tabIndex":0},"End2End-React-Zustand-ExpressMongoDb-Posts-CRUD-APP":{"id":"End2End-React-Zustand-ExpressMongoDb-Posts-CRUD-APP","title":"15.2 End2End: React Zustand ExpressMongoDb Posts CRUD APP","url":"end2end-react-zustand-expressmongodb-posts-crud-app.html","level":1,"parentId":"Advanced-State-Management-with-Zustand","tabIndex":1},"15-3-End2End-React-Zustand-ReactQuery-ExpressMongoDb-Posts-CRUD-APP":{"id":"15-3-End2End-React-Zustand-ReactQuery-ExpressMongoDb-Posts-CRUD-APP","title":"15.3 End2End: React Zustand ReactQuery ExpressMongoDb Posts CRUD APP","url":"15-3-end2end-react-zustand-reactquery-expressmongodb-posts-crud-app.html","level":1,"parentId":"Advanced-State-Management-with-Zustand","tabIndex":2}}},"topLevelIds":["tutorial","Introduction-to-ReactTopic","2-Core-Concepts","3-State-ManagementTopic","Handling-Events","Conditional-Rendering","useEffect-Hook","useRef-Hook","6-Custom-Hooks","7-Performance-Optimization","10-useContextHook","10-React-Styling","8-Routing-with-React-Router","10-Form-Management-with-React-Hook-Form-Yup","12-React-Folder-Structure","12-Advanced-State-Management-with-Redux-Toolkit","Advanced-State-Management-with-Zustand"]}