{"entities":{"pages":{"tutorial":{"id":"tutorial","title":"🎇 Course Outline","url":"tutorial.html","level":0,"tabIndex":0},"Introduction-to-ReactTopic":{"id":"Introduction-to-ReactTopic","title":"1. Intro to React","url":"introduction-to-reacttopic.html","level":0,"pages":["Overview-of-React","Benefits-of-using-React","Introduction-to-TypeScript-in-React","React-Concepts","Setting-up-the-Development-Environment","Setting-up-a-React-project-with-Create-React-App-CRA-or-Vite"],"tabIndex":1},"Overview-of-React":{"id":"Overview-of-React","title":"Overview of React","url":"overview-of-react.html","level":1,"parentId":"Introduction-to-ReactTopic","tabIndex":0},"Benefits-of-using-React":{"id":"Benefits-of-using-React","title":"Thinking in React","url":"benefits-of-using-react.html","level":1,"parentId":"Introduction-to-ReactTopic","tabIndex":1},"Introduction-to-TypeScript-in-React":{"id":"Introduction-to-TypeScript-in-React","title":"Introduction to TypeScript in React","url":"introduction-to-typescript-in-react.html","level":1,"parentId":"Introduction-to-ReactTopic","tabIndex":2},"React-Concepts":{"id":"React-Concepts","title":"React Concepts","url":"react-concepts.html","level":1,"parentId":"Introduction-to-ReactTopic","tabIndex":3},"Setting-up-the-Development-Environment":{"id":"Setting-up-the-Development-Environment","title":"Setting up the Development Environment","url":"setting-up-the-development-environment.html","level":1,"parentId":"Introduction-to-ReactTopic","pages":["Installing-Node-js-and-npm","PnPm-Cheatsheet"],"tabIndex":4},"Installing-Node-js-and-npm":{"id":"Installing-Node-js-and-npm","title":"Installing Node.js and pnpm","url":"installing-node-js-and-npm.html","level":2,"parentId":"Setting-up-the-Development-Environment","tabIndex":0},"PnPm-Cheatsheet":{"id":"PnPm-Cheatsheet","title":"PnPm Cheatsheet","url":"pnpm-cheatsheet.html","level":2,"parentId":"Setting-up-the-Development-Environment","tabIndex":1},"Setting-up-a-React-project-with-Create-React-App-CRA-or-Vite":{"id":"Setting-up-a-React-project-with-Create-React-App-CRA-or-Vite","title":"Creating React with Vite","url":"setting-up-a-react-project-with-create-react-app-cra-or-vite.html","level":1,"parentId":"Introduction-to-ReactTopic","pages":["Various-ways-to-create-react-app","Vite-vs-CRA"],"tabIndex":5},"Various-ways-to-create-react-app":{"id":"Various-ways-to-create-react-app","title":"Various ways to create react app","url":"various-ways-to-create-react-app.html","level":2,"parentId":"Setting-up-a-React-project-with-Create-React-App-CRA-or-Vite","tabIndex":0},"Vite-vs-CRA":{"id":"Vite-vs-CRA","title":"Vite vs CRA","url":"vite-vs-cra.html","level":2,"parentId":"Setting-up-a-React-project-with-Create-React-App-CRA-or-Vite","tabIndex":1},"2-Core-Concepts":{"id":"2-Core-Concepts","title":"2. Fundamental Core Concepts","url":"2-core-concepts.html","level":0,"pages":["JSX-Props","Components-in-React","react-data-flow"],"tabIndex":2},"JSX-Props":{"id":"JSX-Props","title":"JSX \u0026 Props","url":"jsx-props.html","level":1,"parentId":"2-Core-Concepts","pages":["What-is-JSX","Passing-Props-to-Components","Using-Props-for-Reusable-Components","Using-Props-for-Reusable-Components-V2"],"tabIndex":0},"What-is-JSX":{"id":"What-is-JSX","title":"What is JSX?","url":"what-is-jsx.html","level":2,"parentId":"JSX-Props","tabIndex":0},"Passing-Props-to-Components":{"id":"Passing-Props-to-Components","title":"Passing Props to Components","url":"passing-props-to-components.html","level":2,"parentId":"JSX-Props","tabIndex":1},"Using-Props-for-Reusable-Components":{"id":"Using-Props-for-Reusable-Components","title":"Using Props for Reusable Components - V1","url":"using-props-for-reusable-components.html","level":2,"parentId":"JSX-Props","tabIndex":2},"Using-Props-for-Reusable-Components-V2":{"id":"Using-Props-for-Reusable-Components-V2","title":"Using Props for Reusable Components - V2","url":"using-props-for-reusable-components-v2.html","level":2,"parentId":"JSX-Props","tabIndex":3},"Components-in-React":{"id":"Components-in-React","title":"Components in React","url":"components-in-react.html","level":1,"parentId":"2-Core-Concepts","pages":["Functional-vs-Class-Components","Rendering-Lists","Pure-and-inpure-Components"],"tabIndex":1},"Functional-vs-Class-Components":{"id":"Functional-vs-Class-Components","title":"Functional vs. Class Components","url":"functional-vs-class-components.html","level":2,"parentId":"Components-in-React","tabIndex":0},"Rendering-Lists":{"id":"Rendering-Lists","title":"Rendering Lists","url":"rendering-lists.html","level":2,"parentId":"Components-in-React","tabIndex":1},"Pure-and-inpure-Components":{"id":"Pure-and-inpure-Components","title":"Pure and inpure Components","url":"pure-and-inpure-components.html","level":2,"parentId":"Components-in-React","tabIndex":2},"react-data-flow":{"id":"react-data-flow","title":"react data flow","url":"react-data-flow.html","level":1,"parentId":"2-Core-Concepts","tabIndex":2},"3-State-ManagementTopic":{"id":"3-State-ManagementTopic","title":"3. Intro to Hooks","url":"3-state-managementtopic.html","level":0,"pages":["useState-Hook","useReducer-Hook"],"tabIndex":3},"useState-Hook":{"id":"useState-Hook","title":"useState Hook","url":"usestate-hook.html","level":1,"parentId":"3-State-ManagementTopic","tabIndex":0},"useReducer-Hook":{"id":"useReducer-Hook","title":"useReducer Hook","url":"usereducer-hook.html","level":1,"parentId":"3-State-ManagementTopic","tabIndex":1},"Handling-Events":{"id":"Handling-Events","title":"4. Handling Events","url":"handling-events.html","level":0,"tabIndex":4},"Conditional-Rendering":{"id":"Conditional-Rendering","title":"5. Conditional Rendering in React","url":"conditional-rendering.html","level":0,"tabIndex":5},"useEffect-Hook":{"id":"useEffect-Hook","title":"6. useEffect Hook","url":"useeffect-hook.html","level":0,"tabIndex":6},"useRef-Hook":{"id":"useRef-Hook","title":"7. useRef Hook","url":"useref-hook.html","level":0,"tabIndex":7},"6-Custom-Hooks":{"id":"6-Custom-Hooks","title":"8. Custom Hooks","url":"6-custom-hooks.html","level":0,"tabIndex":8},"7-Performance-Optimization":{"id":"7-Performance-Optimization","title":"9. Performance Optimization Hooks","url":"7-performance-optimization.html","level":0,"pages":["Memoization-in-React","Avoiding-Prop-Drilling"],"tabIndex":9},"Memoization-in-React":{"id":"Memoization-in-React","title":"Memoization in React","url":"memoization-in-react.html","level":1,"parentId":"7-Performance-Optimization","tabIndex":0},"Avoiding-Prop-Drilling":{"id":"Avoiding-Prop-Drilling","title":"Prop Drilling","url":"avoiding-prop-drilling.html","level":1,"parentId":"7-Performance-Optimization","tabIndex":1},"10-useContextHook":{"id":"10-useContextHook","title":"10. useContextHook","url":"10-usecontexthook.html","level":0,"tabIndex":10},"8-Routing-with-React-Router":{"id":"8-Routing-with-React-Router","title":"11. Routing with React Router","url":"8-routing-with-react-router.html","level":0,"pages":["Setting-Up-React-Router","Basic-Routing-Concepts","Nested-Routes-and-URL-Parameters","Route-Protection-with-Private-Routes","Handling-404-Pages"],"tabIndex":11},"Setting-Up-React-Router":{"id":"Setting-Up-React-Router","title":"Setting Up React Router","url":"setting-up-react-router.html","level":1,"parentId":"8-Routing-with-React-Router","tabIndex":0},"Basic-Routing-Concepts":{"id":"Basic-Routing-Concepts","title":"Basic Routing Concepts","url":"basic-routing-concepts.html","level":1,"parentId":"8-Routing-with-React-Router","tabIndex":1},"Nested-Routes-and-URL-Parameters":{"id":"Nested-Routes-and-URL-Parameters","title":"Nested Routes and URL Parameters","url":"nested-routes-and-url-parameters.html","level":1,"parentId":"8-Routing-with-React-Router","tabIndex":2},"Route-Protection-with-Private-Routes":{"id":"Route-Protection-with-Private-Routes","title":"Route Protection with Private Routes","url":"route-protection-with-private-routes.html","level":1,"parentId":"8-Routing-with-React-Router","tabIndex":3},"Handling-404-Pages":{"id":"Handling-404-Pages","title":"Handling 404 Pages","url":"handling-404-pages.html","level":1,"parentId":"8-Routing-with-React-Router","tabIndex":4},"10-Form-Management-with-React-Hook-Form-Yup":{"id":"10-Form-Management-with-React-Hook-Form-Yup","title":"12. Form Management with React Hook Form \u0026 Zod","url":"10-form-management-with-react-hook-form-yup.html","level":0,"pages":["Why-Use-React-Hook-Form","Setting-Up-React-Hook-Form","Handling-Form-Validation-with-Yup"],"tabIndex":12},"Why-Use-React-Hook-Form":{"id":"Why-Use-React-Hook-Form","title":"Why Use React Hook Form?","url":"why-use-react-hook-form.html","level":1,"parentId":"10-Form-Management-with-React-Hook-Form-Yup","tabIndex":0},"Setting-Up-React-Hook-Form":{"id":"Setting-Up-React-Hook-Form","title":"Setting Up React Hook Form","url":"setting-up-react-hook-form.html","level":1,"parentId":"10-Form-Management-with-React-Hook-Form-Yup","tabIndex":1},"Handling-Form-Validation-with-Yup":{"id":"Handling-Form-Validation-with-Yup","title":"Handling Form Validation with Yup","url":"handling-form-validation-with-yup.html","level":1,"parentId":"10-Form-Management-with-React-Hook-Form-Yup","tabIndex":2},"10-React-Styling":{"id":"10-React-Styling","title":"11. React Styling","url":"10-react-styling.html","level":0,"tabIndex":13},"11-Best-Practices-and-Common-Pitfalls":{"id":"11-Best-Practices-and-Common-Pitfalls","title":"12. Best Practices and Common Pitfalls","url":"11-best-practices-and-common-pitfalls.html","level":0,"pages":["Code-Structuring","Avoiding-Common-Mistakes"],"tabIndex":14},"Code-Structuring":{"id":"Code-Structuring","title":"Code Structuring","url":"code-structuring.html","level":1,"parentId":"11-Best-Practices-and-Common-Pitfalls","pages":["Organizing-Files-and-Folders","Naming-Conventions-and-Best-Practices"],"tabIndex":0},"Organizing-Files-and-Folders":{"id":"Organizing-Files-and-Folders","title":"Organizing Files and Folders","url":"organizing-files-and-folders.html","level":2,"parentId":"Code-Structuring","tabIndex":0},"Naming-Conventions-and-Best-Practices":{"id":"Naming-Conventions-and-Best-Practices","title":"Naming Conventions and Best Practices","url":"naming-conventions-and-best-practices.html","level":2,"parentId":"Code-Structuring","tabIndex":1},"Avoiding-Common-Mistakes":{"id":"Avoiding-Common-Mistakes","title":"Avoiding Common Mistakes","url":"avoiding-common-mistakes.html","level":1,"parentId":"11-Best-Practices-and-Common-Pitfalls","tabIndex":1},"12-React-Folder-Structure":{"id":"12-React-Folder-Structure","title":"13. React Folder Structure","url":"12-react-folder-structure.html","level":0,"tabIndex":15},"12-Advanced-State-Management-with-Redux-Toolkit":{"id":"12-Advanced-State-Management-with-Redux-Toolkit","title":"14. Advanced State Management with Redux Toolkit","url":"12-advanced-state-management-with-redux-toolkit.html","level":0,"pages":["Introduction-to-Redux","Setting-Up-Redux-Toolkit","Handling-Asynchronous-Actions","RTK-Query-for-Data-Fetching"],"tabIndex":16},"Introduction-to-Redux":{"id":"Introduction-to-Redux","title":"Introduction to Redux","url":"introduction-to-redux.html","level":1,"parentId":"12-Advanced-State-Management-with-Redux-Toolkit","pages":["Centralized-State-Management","Benefits-of-Redux"],"tabIndex":0},"Centralized-State-Management":{"id":"Centralized-State-Management","title":"Centralized State Management","url":"centralized-state-management.html","level":2,"parentId":"Introduction-to-Redux","tabIndex":0},"Benefits-of-Redux":{"id":"Benefits-of-Redux","title":"Benefits of Redux","url":"benefits-of-redux.html","level":2,"parentId":"Introduction-to-Redux","tabIndex":1},"Setting-Up-Redux-Toolkit":{"id":"Setting-Up-Redux-Toolkit","title":"Setting Up Redux Toolkit","url":"setting-up-redux-toolkit.html","level":1,"parentId":"12-Advanced-State-Management-with-Redux-Toolkit","tabIndex":1},"Handling-Asynchronous-Actions":{"id":"Handling-Asynchronous-Actions","title":"Handling Asynchronous Actions","url":"handling-asynchronous-actions.html","level":1,"parentId":"12-Advanced-State-Management-with-Redux-Toolkit","tabIndex":2},"RTK-Query-for-Data-Fetching":{"id":"RTK-Query-for-Data-Fetching","title":"RTK Query for Data Fetching","url":"rtk-query-for-data-fetching.html","level":1,"parentId":"12-Advanced-State-Management-with-Redux-Toolkit","tabIndex":3},"all":{"id":"all","title":"all","url":"all.html","level":0,"tabIndex":17}}},"topLevelIds":["tutorial","Introduction-to-ReactTopic","2-Core-Concepts","3-State-ManagementTopic","Handling-Events","Conditional-Rendering","useEffect-Hook","useRef-Hook","6-Custom-Hooks","7-Performance-Optimization","10-useContextHook","8-Routing-with-React-Router","10-Form-Management-with-React-Hook-Form-Yup","10-React-Styling","11-Best-Practices-and-Common-Pitfalls","12-React-Folder-Structure","12-Advanced-State-Management-with-Redux-Toolkit","all"]}