{"entities":{"pages":{"tutorial":{"id":"tutorial","title":"🎇 Course Outline","url":"tutorial.html","level":0,"tabIndex":0},"Introduction-to-ReactTopic":{"id":"Introduction-to-ReactTopic","title":"1. Intro to React","url":"introduction-to-reacttopic.html","level":0,"pages":["Overview-of-React","Benefits-of-using-React","Introduction-to-TypeScript-in-React","React-Concepts","Setting-up-the-Development-Environment","Setting-up-a-React-project-with-Create-React-App-CRA-or-Vite"],"tabIndex":1},"Overview-of-React":{"id":"Overview-of-React","title":"Overview of React","url":"overview-of-react.html","level":1,"parentId":"Introduction-to-ReactTopic","tabIndex":0},"Benefits-of-using-React":{"id":"Benefits-of-using-React","title":"Thinking in React","url":"benefits-of-using-react.html","level":1,"parentId":"Introduction-to-ReactTopic","tabIndex":1},"Introduction-to-TypeScript-in-React":{"id":"Introduction-to-TypeScript-in-React","title":"Introduction to TypeScript in React","url":"introduction-to-typescript-in-react.html","level":1,"parentId":"Introduction-to-ReactTopic","tabIndex":2},"React-Concepts":{"id":"React-Concepts","title":"React Concepts","url":"react-concepts.html","level":1,"parentId":"Introduction-to-ReactTopic","tabIndex":3},"Setting-up-the-Development-Environment":{"id":"Setting-up-the-Development-Environment","title":"Setting up the Development Environment","url":"setting-up-the-development-environment.html","level":1,"parentId":"Introduction-to-ReactTopic","pages":["Installing-Node-js-and-npm","PnPm-Cheatsheet"],"tabIndex":4},"Installing-Node-js-and-npm":{"id":"Installing-Node-js-and-npm","title":"Installing Node.js and pnpm","url":"installing-node-js-and-npm.html","level":2,"parentId":"Setting-up-the-Development-Environment","tabIndex":0},"PnPm-Cheatsheet":{"id":"PnPm-Cheatsheet","title":"PnPm Cheatsheet","url":"pnpm-cheatsheet.html","level":2,"parentId":"Setting-up-the-Development-Environment","tabIndex":1},"Setting-up-a-React-project-with-Create-React-App-CRA-or-Vite":{"id":"Setting-up-a-React-project-with-Create-React-App-CRA-or-Vite","title":"Creating React with Vite","url":"setting-up-a-react-project-with-create-react-app-cra-or-vite.html","level":1,"parentId":"Introduction-to-ReactTopic","pages":["Various-ways-to-create-react-app","Vite-vs-CRA"],"tabIndex":5},"Various-ways-to-create-react-app":{"id":"Various-ways-to-create-react-app","title":"Various ways to create react app","url":"various-ways-to-create-react-app.html","level":2,"parentId":"Setting-up-a-React-project-with-Create-React-App-CRA-or-Vite","tabIndex":0},"Vite-vs-CRA":{"id":"Vite-vs-CRA","title":"Vite vs CRA","url":"vite-vs-cra.html","level":2,"parentId":"Setting-up-a-React-project-with-Create-React-App-CRA-or-Vite","tabIndex":1},"2-Core-Concepts":{"id":"2-Core-Concepts","title":"2. Fundamental Core Concepts","url":"2-core-concepts.html","level":0,"pages":["JSX-Props","Components-in-React"],"tabIndex":2},"JSX-Props":{"id":"JSX-Props","title":"JSX \u0026 Props","url":"jsx-props.html","level":1,"parentId":"2-Core-Concepts","pages":["What-is-JSX","Passing-Props-to-Components","Using-Props-for-Reusable-Components","Using-Props-for-Reusable-Components-V2"],"tabIndex":0},"What-is-JSX":{"id":"What-is-JSX","title":"What is JSX?","url":"what-is-jsx.html","level":2,"parentId":"JSX-Props","tabIndex":0},"Passing-Props-to-Components":{"id":"Passing-Props-to-Components","title":"Passing Props to Components","url":"passing-props-to-components.html","level":2,"parentId":"JSX-Props","tabIndex":1},"Using-Props-for-Reusable-Components":{"id":"Using-Props-for-Reusable-Components","title":"Using Props for Reusable Components - V1","url":"using-props-for-reusable-components.html","level":2,"parentId":"JSX-Props","tabIndex":2},"Using-Props-for-Reusable-Components-V2":{"id":"Using-Props-for-Reusable-Components-V2","title":"Using Props for Reusable Components - V2","url":"using-props-for-reusable-components-v2.html","level":2,"parentId":"JSX-Props","tabIndex":3},"Components-in-React":{"id":"Components-in-React","title":"Components in React","url":"components-in-react.html","level":1,"parentId":"2-Core-Concepts","pages":["Functional-vs-Class-Components","Rendering-Lists","Pure-and-inpure-Components"],"tabIndex":1},"Functional-vs-Class-Components":{"id":"Functional-vs-Class-Components","title":"Functional vs. Class Components","url":"functional-vs-class-components.html","level":2,"parentId":"Components-in-React","tabIndex":0},"Rendering-Lists":{"id":"Rendering-Lists","title":"Rendering Lists","url":"rendering-lists.html","level":2,"parentId":"Components-in-React","tabIndex":1},"Pure-and-inpure-Components":{"id":"Pure-and-inpure-Components","title":"Pure and inpure Components","url":"pure-and-inpure-components.html","level":2,"parentId":"Components-in-React","tabIndex":2},"react-data-flow":{"id":"react-data-flow","title":"react data flow","url":"react-data-flow.html","level":0,"tabIndex":3},"3-State-ManagementTopic":{"id":"3-State-ManagementTopic","title":"3. Intro to State","url":"3-state-managementtopic.html","level":0,"pages":["useState-Hook","useReducer-Hook"],"tabIndex":4},"useState-Hook":{"id":"useState-Hook","title":"useState Hook","url":"usestate-hook.html","level":1,"parentId":"3-State-ManagementTopic","pages":["Introduction-to-useState","Managing-State-in-Functional-Components","Example-Managing-Form-Inputs"],"tabIndex":0},"Introduction-to-useState":{"id":"Introduction-to-useState","title":"Introduction to useState","url":"introduction-to-usestate.html","level":2,"parentId":"useState-Hook","tabIndex":0},"Managing-State-in-Functional-Components":{"id":"Managing-State-in-Functional-Components","title":"Managing State in Functional Components","url":"managing-state-in-functional-components.html","level":2,"parentId":"useState-Hook","tabIndex":1},"Example-Managing-Form-Inputs":{"id":"Example-Managing-Form-Inputs","title":"Example: Managing Form Inputs","url":"example-managing-form-inputs.html","level":2,"parentId":"useState-Hook","tabIndex":2},"useReducer-Hook":{"id":"useReducer-Hook","title":"useReducer Hook","url":"usereducer-hook.html","level":1,"parentId":"3-State-ManagementTopic","pages":["Introduction-to-useReducer","Complex-State-Management","Example-Building-a-Counter-with-useReducer"],"tabIndex":1},"Introduction-to-useReducer":{"id":"Introduction-to-useReducer","title":"Introduction to useReducer","url":"introduction-to-usereducer.html","level":2,"parentId":"useReducer-Hook","tabIndex":0},"Complex-State-Management":{"id":"Complex-State-Management","title":"Complex State Management","url":"complex-state-management.html","level":2,"parentId":"useReducer-Hook","tabIndex":1},"Example-Building-a-Counter-with-useReducer":{"id":"Example-Building-a-Counter-with-useReducer","title":"Example: Building a Counter with useReducer","url":"example-building-a-counter-with-usereducer.html","level":2,"parentId":"useReducer-Hook","tabIndex":2},"4-Intermediate-React-Concepts":{"id":"4-Intermediate-React-Concepts","title":"4. Intermediate React Concepts","url":"4-intermediate-react-concepts.html","level":0,"pages":["Handling-Events","Conditional-Rendering"],"tabIndex":5},"Handling-Events":{"id":"Handling-Events","title":"Handling Events","url":"handling-events.html","level":1,"parentId":"4-Intermediate-React-Concepts","pages":["Event-Handling-in-React","Passing-Parameters-to-Event-Handlers","Common-Event-Handlers-e-g-onClick-onChange-onSubmit"],"tabIndex":0},"Event-Handling-in-React":{"id":"Event-Handling-in-React","title":"Event Handling in React","url":"event-handling-in-react.html","level":2,"parentId":"Handling-Events","tabIndex":0},"Passing-Parameters-to-Event-Handlers":{"id":"Passing-Parameters-to-Event-Handlers","title":"Passing Parameters to Event Handlers","url":"passing-parameters-to-event-handlers.html","level":2,"parentId":"Handling-Events","tabIndex":1},"Common-Event-Handlers-e-g-onClick-onChange-onSubmit":{"id":"Common-Event-Handlers-e-g-onClick-onChange-onSubmit","title":"Common Event Handlers (e.g., onClick, onChange, onSubmit)","url":"common-event-handlers-e-g-onclick-onchange-onsubmit.html","level":2,"parentId":"Handling-Events","tabIndex":2},"Conditional-Rendering":{"id":"Conditional-Rendering","title":"Conditional Rendering","url":"conditional-rendering.html","level":1,"parentId":"4-Intermediate-React-Concepts","pages":["Using-Ternary-Operators-for-Conditional-RenderingTopic","Best-Practices-for-Conditional-Rendering"],"tabIndex":1},"Using-Ternary-Operators-for-Conditional-RenderingTopic":{"id":"Using-Ternary-Operators-for-Conditional-RenderingTopic","title":"Using Ternary Operators for Conditional RenderingTopic","url":"using-ternary-operators-for-conditional-renderingtopic.html","level":2,"parentId":"Conditional-Rendering","tabIndex":0},"Best-Practices-for-Conditional-Rendering":{"id":"Best-Practices-for-Conditional-Rendering","title":"Best Practices for Conditional Rendering","url":"best-practices-for-conditional-rendering.html","level":2,"parentId":"Conditional-Rendering","tabIndex":1},"5-Hooks-in-React":{"id":"5-Hooks-in-React","title":"5. Hooks in React","url":"5-hooks-in-react.html","level":0,"pages":["Introduction-to-Hooks","useEffect-Hook","useRef-Hook"],"tabIndex":6},"Introduction-to-Hooks":{"id":"Introduction-to-Hooks","title":"Introduction to Hooks","url":"introduction-to-hooks.html","level":1,"parentId":"5-Hooks-in-React","pages":["What-are-Hooks","Rules-of-Hooks"],"tabIndex":0},"What-are-Hooks":{"id":"What-are-Hooks","title":"What are Hooks?","url":"what-are-hooks.html","level":2,"parentId":"Introduction-to-Hooks","tabIndex":0},"Rules-of-Hooks":{"id":"Rules-of-Hooks","title":"Rules of Hooks","url":"rules-of-hooks.html","level":2,"parentId":"Introduction-to-Hooks","tabIndex":1},"useEffect-Hook":{"id":"useEffect-Hook","title":"useEffect Hook","url":"useeffect-hook.html","level":1,"parentId":"5-Hooks-in-React","pages":["Synchronizing-with-External-Systems","Fetching-Data-with-useEffect","Dependency-Arrays"],"tabIndex":1},"Synchronizing-with-External-Systems":{"id":"Synchronizing-with-External-Systems","title":"Synchronizing with External Systems","url":"synchronizing-with-external-systems.html","level":2,"parentId":"useEffect-Hook","tabIndex":0},"Fetching-Data-with-useEffect":{"id":"Fetching-Data-with-useEffect","title":"Fetching Data with useEffect","url":"fetching-data-with-useeffect.html","level":2,"parentId":"useEffect-Hook","tabIndex":1},"Dependency-Arrays":{"id":"Dependency-Arrays","title":"Dependency Arrays","url":"dependency-arrays.html","level":2,"parentId":"useEffect-Hook","tabIndex":2},"useRef-Hook":{"id":"useRef-Hook","title":"useRef Hook","url":"useref-hook.html","level":1,"parentId":"5-Hooks-in-React","pages":["Managing-DOM-References","Persisting-Values-Across-Renders","Example-Counting-Renders"],"tabIndex":2},"Managing-DOM-References":{"id":"Managing-DOM-References","title":"Managing DOM References","url":"managing-dom-references.html","level":2,"parentId":"useRef-Hook","tabIndex":0},"Persisting-Values-Across-Renders":{"id":"Persisting-Values-Across-Renders","title":"Persisting Values Across Renders","url":"persisting-values-across-renders.html","level":2,"parentId":"useRef-Hook","tabIndex":1},"Example-Counting-Renders":{"id":"Example-Counting-Renders","title":"Example: Counting Renders","url":"example-counting-renders.html","level":2,"parentId":"useRef-Hook","tabIndex":2},"6-Custom-Hooks":{"id":"6-Custom-Hooks","title":"6. Custom Hooks","url":"6-custom-hooks.html","level":0,"pages":["Introduction-to-Custom-Hooks","Creating-a-Custom-Hook"],"tabIndex":7},"Introduction-to-Custom-Hooks":{"id":"Introduction-to-Custom-Hooks","title":"Introduction to Custom Hooks","url":"introduction-to-custom-hooks.html","level":1,"parentId":"6-Custom-Hooks","tabIndex":0},"Creating-a-Custom-Hook":{"id":"Creating-a-Custom-Hook","title":"Creating a Custom Hook","url":"creating-a-custom-hook.html","level":1,"parentId":"6-Custom-Hooks","pages":["Example-useLocalStorage-Hook","Example-useFetch-Hook"],"tabIndex":1},"Example-useLocalStorage-Hook":{"id":"Example-useLocalStorage-Hook","title":"Example: useLocalStorage Hook","url":"example-uselocalstorage-hook.html","level":2,"parentId":"Creating-a-Custom-Hook","tabIndex":0},"Example-useFetch-Hook":{"id":"Example-useFetch-Hook","title":"Example: useFetch Hook","url":"example-usefetch-hook.html","level":2,"parentId":"Creating-a-Custom-Hook","tabIndex":1},"7-Performance-Optimization":{"id":"7-Performance-Optimization","title":"7. Performance Optimization","url":"7-performance-optimization.html","level":0,"pages":["Memoization-in-React","Avoiding-Prop-Drilling"],"tabIndex":8},"Memoization-in-React":{"id":"Memoization-in-React","title":"Memoization in React","url":"memoization-in-react.html","level":1,"parentId":"7-Performance-Optimization","pages":["What-is-Memoization","useCallback-Hook","useMemo-Hook","React-memo-for-Component-Optimization"],"tabIndex":0},"What-is-Memoization":{"id":"What-is-Memoization","title":"What is Memoization?","url":"what-is-memoization.html","level":2,"parentId":"Memoization-in-React","tabIndex":0},"useCallback-Hook":{"id":"useCallback-Hook","title":"useCallback Hook","url":"usecallback-hook.html","level":2,"parentId":"Memoization-in-React","tabIndex":1},"useMemo-Hook":{"id":"useMemo-Hook","title":"useMemo Hook","url":"usememo-hook.html","level":2,"parentId":"Memoization-in-React","tabIndex":2},"React-memo-for-Component-Optimization":{"id":"React-memo-for-Component-Optimization","title":"React.memo for Component Optimization","url":"react-memo-for-component-optimization.html","level":2,"parentId":"Memoization-in-React","tabIndex":3},"Avoiding-Prop-Drilling":{"id":"Avoiding-Prop-Drilling","title":"Avoiding Prop Drilling","url":"avoiding-prop-drilling.html","level":1,"parentId":"7-Performance-Optimization","pages":["Issues-with-Prop-Drilling","Solutions-Context-API-Redux-Component-Composition"],"tabIndex":1},"Issues-with-Prop-Drilling":{"id":"Issues-with-Prop-Drilling","title":"Issues with Prop Drilling","url":"issues-with-prop-drilling.html","level":2,"parentId":"Avoiding-Prop-Drilling","tabIndex":0},"Solutions-Context-API-Redux-Component-Composition":{"id":"Solutions-Context-API-Redux-Component-Composition","title":"Solutions: Context API, Redux, Component Composition","url":"solutions-context-api-redux-component-composition.html","level":2,"parentId":"Avoiding-Prop-Drilling","tabIndex":1},"8-Routing-with-React-Router":{"id":"8-Routing-with-React-Router","title":"8. Routing with React Router","url":"8-routing-with-react-router.html","level":0,"pages":["Setting-Up-React-Router","Basic-Routing-Concepts","Nested-Routes-and-URL-Parameters","Route-Protection-with-Private-Routes","Handling-404-Pages"],"tabIndex":9},"Setting-Up-React-Router":{"id":"Setting-Up-React-Router","title":"Setting Up React Router","url":"setting-up-react-router.html","level":1,"parentId":"8-Routing-with-React-Router","tabIndex":0},"Basic-Routing-Concepts":{"id":"Basic-Routing-Concepts","title":"Basic Routing Concepts","url":"basic-routing-concepts.html","level":1,"parentId":"8-Routing-with-React-Router","tabIndex":1},"Nested-Routes-and-URL-Parameters":{"id":"Nested-Routes-and-URL-Parameters","title":"Nested Routes and URL Parameters","url":"nested-routes-and-url-parameters.html","level":1,"parentId":"8-Routing-with-React-Router","tabIndex":2},"Route-Protection-with-Private-Routes":{"id":"Route-Protection-with-Private-Routes","title":"Route Protection with Private Routes","url":"route-protection-with-private-routes.html","level":1,"parentId":"8-Routing-with-React-Router","tabIndex":3},"Handling-404-Pages":{"id":"Handling-404-Pages","title":"Handling 404 Pages","url":"handling-404-pages.html","level":1,"parentId":"8-Routing-with-React-Router","tabIndex":4},"10-Form-Management-with-React-Hook-Form-Yup":{"id":"10-Form-Management-with-React-Hook-Form-Yup","title":"9. Form Management with React Hook Form \u0026 Yup","url":"10-form-management-with-react-hook-form-yup.html","level":0,"pages":["Why-Use-React-Hook-Form","Setting-Up-React-Hook-Form","Handling-Form-Validation-with-Yup"],"tabIndex":10},"Why-Use-React-Hook-Form":{"id":"Why-Use-React-Hook-Form","title":"Why Use React Hook Form?","url":"why-use-react-hook-form.html","level":1,"parentId":"10-Form-Management-with-React-Hook-Form-Yup","tabIndex":0},"Setting-Up-React-Hook-Form":{"id":"Setting-Up-React-Hook-Form","title":"Setting Up React Hook Form","url":"setting-up-react-hook-form.html","level":1,"parentId":"10-Form-Management-with-React-Hook-Form-Yup","tabIndex":1},"Handling-Form-Validation-with-Yup":{"id":"Handling-Form-Validation-with-Yup","title":"Handling Form Validation with Yup","url":"handling-form-validation-with-yup.html","level":1,"parentId":"10-Form-Management-with-React-Hook-Form-Yup","tabIndex":2},"10-React-Styling":{"id":"10-React-Styling","title":"10. React Styling","url":"10-react-styling.html","level":0,"tabIndex":11},"11-Best-Practices-and-Common-Pitfalls":{"id":"11-Best-Practices-and-Common-Pitfalls","title":"11. Best Practices and Common Pitfalls","url":"11-best-practices-and-common-pitfalls.html","level":0,"pages":["Code-Structuring","Avoiding-Common-Mistakes"],"tabIndex":12},"Code-Structuring":{"id":"Code-Structuring","title":"Code Structuring","url":"code-structuring.html","level":1,"parentId":"11-Best-Practices-and-Common-Pitfalls","pages":["Organizing-Files-and-Folders","Naming-Conventions-and-Best-Practices"],"tabIndex":0},"Organizing-Files-and-Folders":{"id":"Organizing-Files-and-Folders","title":"Organizing Files and Folders","url":"organizing-files-and-folders.html","level":2,"parentId":"Code-Structuring","tabIndex":0},"Naming-Conventions-and-Best-Practices":{"id":"Naming-Conventions-and-Best-Practices","title":"Naming Conventions and Best Practices","url":"naming-conventions-and-best-practices.html","level":2,"parentId":"Code-Structuring","tabIndex":1},"Avoiding-Common-Mistakes":{"id":"Avoiding-Common-Mistakes","title":"Avoiding Common Mistakes","url":"avoiding-common-mistakes.html","level":1,"parentId":"11-Best-Practices-and-Common-Pitfalls","tabIndex":1},"12-Advanced-State-Management-with-Redux-Toolkit":{"id":"12-Advanced-State-Management-with-Redux-Toolkit","title":"12. Advanced State Management with Redux Toolkit","url":"12-advanced-state-management-with-redux-toolkit.html","level":0,"pages":["Introduction-to-Redux","Setting-Up-Redux-Toolkit","Handling-Asynchronous-Actions","RTK-Query-for-Data-Fetching"],"tabIndex":13},"Introduction-to-Redux":{"id":"Introduction-to-Redux","title":"Introduction to Redux","url":"introduction-to-redux.html","level":1,"parentId":"12-Advanced-State-Management-with-Redux-Toolkit","pages":["Centralized-State-Management","Benefits-of-Redux"],"tabIndex":0},"Centralized-State-Management":{"id":"Centralized-State-Management","title":"Centralized State Management","url":"centralized-state-management.html","level":2,"parentId":"Introduction-to-Redux","tabIndex":0},"Benefits-of-Redux":{"id":"Benefits-of-Redux","title":"Benefits of Redux","url":"benefits-of-redux.html","level":2,"parentId":"Introduction-to-Redux","tabIndex":1},"Setting-Up-Redux-Toolkit":{"id":"Setting-Up-Redux-Toolkit","title":"Setting Up Redux Toolkit","url":"setting-up-redux-toolkit.html","level":1,"parentId":"12-Advanced-State-Management-with-Redux-Toolkit","tabIndex":1},"Handling-Asynchronous-Actions":{"id":"Handling-Asynchronous-Actions","title":"Handling Asynchronous Actions","url":"handling-asynchronous-actions.html","level":1,"parentId":"12-Advanced-State-Management-with-Redux-Toolkit","tabIndex":2},"RTK-Query-for-Data-Fetching":{"id":"RTK-Query-for-Data-Fetching","title":"RTK Query for Data Fetching","url":"rtk-query-for-data-fetching.html","level":1,"parentId":"12-Advanced-State-Management-with-Redux-Toolkit","tabIndex":3},"all":{"id":"all","title":"all","url":"all.html","level":0,"tabIndex":14}}},"topLevelIds":["tutorial","Introduction-to-ReactTopic","2-Core-Concepts","react-data-flow","3-State-ManagementTopic","4-Intermediate-React-Concepts","5-Hooks-in-React","6-Custom-Hooks","7-Performance-Optimization","8-Routing-with-React-Router","10-Form-Management-with-React-Hook-Form-Yup","10-React-Styling","11-Best-Practices-and-Common-Pitfalls","12-Advanced-State-Management-with-Redux-Toolkit","all"]}