{"entities":{"pages":{"tutorial":{"id":"tutorial","title":"🎇 Course Outline","url":"tutorial.html","level":0,"tabIndex":0},"Introduction-to-ReactTopic":{"id":"Introduction-to-ReactTopic","title":"1.Introduction to ReactTopic","url":"introduction-to-reacttopic.html","level":0,"pages":["Overview-of-React","Benefits-of-using-React","Introduction-to-TypeScript-in-React","Setting-up-the-Development-Environment"],"tabIndex":1},"Overview-of-React":{"id":"Overview-of-React","title":"Overview of React","url":"overview-of-react.html","level":1,"parentId":"Introduction-to-ReactTopic","tabIndex":0},"Benefits-of-using-React":{"id":"Benefits-of-using-React","title":"Benefits of using React","url":"benefits-of-using-react.html","level":1,"parentId":"Introduction-to-ReactTopic","tabIndex":1},"Introduction-to-TypeScript-in-React":{"id":"Introduction-to-TypeScript-in-React","title":"Introduction to TypeScript in React","url":"introduction-to-typescript-in-react.html","level":1,"parentId":"Introduction-to-ReactTopic","tabIndex":2},"Setting-up-the-Development-Environment":{"id":"Setting-up-the-Development-Environment","title":"Setting up the Development Environment","url":"setting-up-the-development-environment.html","level":1,"parentId":"Introduction-to-ReactTopic","pages":["Installing-Node-js-and-npm","Configuring-TypeScript-in-a-React-Project","Setting-up-a-React-project-with-Create-React-App-CRA-or-Vite"],"tabIndex":3},"Installing-Node-js-and-npm":{"id":"Installing-Node-js-and-npm","title":"Installing Node.js and npm","url":"installing-node-js-and-npm.html","level":2,"parentId":"Setting-up-the-Development-Environment","tabIndex":0},"Configuring-TypeScript-in-a-React-Project":{"id":"Configuring-TypeScript-in-a-React-Project","title":"Configuring TypeScript in a React Project","url":"configuring-typescript-in-a-react-project.html","level":2,"parentId":"Setting-up-the-Development-Environment","tabIndex":1},"Setting-up-a-React-project-with-Create-React-App-CRA-or-Vite":{"id":"Setting-up-a-React-project-with-Create-React-App-CRA-or-Vite","title":"Setting up a React project with Create React App (CRA) or Vite","url":"setting-up-a-react-project-with-create-react-app-cra-or-vite.html","level":2,"parentId":"Setting-up-the-Development-Environment","tabIndex":2},"2-Core-Concepts":{"id":"2-Core-Concepts","title":"2.Core Concepts","url":"2-core-concepts.html","level":0,"pages":["JSX-Props","Components-in-React"],"tabIndex":2},"JSX-Props":{"id":"JSX-Props","title":"JSX \u0026 Props","url":"jsx-props.html","level":1,"parentId":"2-Core-Concepts","pages":["What-is-JSX","Embedding-JavaScript-in-JSX","Passing-Props-to-Components","Using-Props-for-Reusable-Components"],"tabIndex":0},"What-is-JSX":{"id":"What-is-JSX","title":"What is JSX?","url":"what-is-jsx.html","level":2,"parentId":"JSX-Props","tabIndex":0},"Embedding-JavaScript-in-JSX":{"id":"Embedding-JavaScript-in-JSX","title":"Embedding JavaScript in JSX","url":"embedding-javascript-in-jsx.html","level":2,"parentId":"JSX-Props","tabIndex":1},"Passing-Props-to-Components":{"id":"Passing-Props-to-Components","title":"Passing Props to Components","url":"passing-props-to-components.html","level":2,"parentId":"JSX-Props","tabIndex":2},"Using-Props-for-Reusable-Components":{"id":"Using-Props-for-Reusable-Components","title":"Using Props for Reusable Components","url":"using-props-for-reusable-components.html","level":2,"parentId":"JSX-Props","tabIndex":3},"Components-in-React":{"id":"Components-in-React","title":"Components in React","url":"components-in-react.html","level":1,"parentId":"2-Core-Concepts","pages":["Functional-vs-Class-Components","Creating-Components-with-TypeScript","Default-and-Named-Exports","Rendering-Components"],"tabIndex":1},"Functional-vs-Class-Components":{"id":"Functional-vs-Class-Components","title":"Functional vs. Class Components","url":"functional-vs-class-components.html","level":2,"parentId":"Components-in-React","tabIndex":0},"Creating-Components-with-TypeScript":{"id":"Creating-Components-with-TypeScript","title":"Creating Components with TypeScript","url":"creating-components-with-typescript.html","level":2,"parentId":"Components-in-React","tabIndex":1},"Default-and-Named-Exports":{"id":"Default-and-Named-Exports","title":"Default and Named Exports","url":"default-and-named-exports.html","level":2,"parentId":"Components-in-React","tabIndex":2},"Rendering-Components":{"id":"Rendering-Components","title":"Rendering Components","url":"rendering-components.html","level":2,"parentId":"Components-in-React","tabIndex":3}}},"topLevelIds":["tutorial","Introduction-to-ReactTopic","2-Core-Concepts"]}